"id","movie_name","actors","directors","duration","genre"
44,"Broken","Heather Graham,Jeremy Sisto,Jake Busey,Tess Harper,Linda Hamilton,Chad Cunningham","Alan White","97 minutes","Drama, Foreign, Horror, Thriller"
63,"Talladega Nights: The Ballad of Ricky Bobby","Will Ferrell,John C. Reilly,Sacha Baron Cohen,Gary Cole,Michael Clarke Duncan,Leslie Bibb,Jane Lynch,Amy Adams,Andy Richter,Molly Shannon","Adam McKay","108 minutes","Action, Comedy"
84,"The Bridge","","Eric Steel","93 minutes","Documentary"
104,"The Host","Song Kang-Ho,Byun Hee-Bong,Park Hae-Il,KoA-Sung,Bae Doo-Na,Scott Wilson","Bong Joon-ho","119 minutes","Comedy, Drama, Foreign, Horror"
131,"Rush Hour 3","Jackie Chan,Chris Tucker,Max von Sydow,Yvan Attal,Dana Ivey,Roman Polanski","Brett Ratner","91 minutes","Action, Adventure, Comedy, Crime, Thriller"
133,"Fay Grim","Parker Posey,Jeff Goldblum,James Urbaniak,Saffron Burrows,Thomas Jay Ryan","","118 minutes","Action, Comedy, Drama, Thriller"
146,"Live Free or Die Hard","","","128 minutes","Action, Thriller"
154,"Mission: Impossible III","Tom Cruise,Philip Seymour Hoffman,Ving Rhames,Keri Russell,Laurence Fishburne,Billy Crudup,Jonathan Rhys-Meyers,Michelle Monaghan","","126 minutes","Action, Adventure, Thriller"
155,"The Promise","Dong-Gun Jang,Hiroyuki Sanada,Cecilia Cheung,Nicholas Tse,Liu Ye","","98 minutes","Action, Drama, Fantasy, Foreign, Romance, Science Fiction, Thriller"
158,"Poseidon","Josh Lucas,Kurt Russell,Jacinda Barrett,Richard Dreyfuss,Jimmy Bennett,Emmy Rossum,Andre Braugher","Wolfgang Petersen","99 minutes","Action, Adventure, Disaster, Thriller"
161,"Hate Crime","Seth Peterson,Bruce Davison,Chad Donella,Cindy Pickett,Brian J. Smith,Susan Blakely,Farah White,Giancarlo Esposito","","104 minutes","Drama, Thriller"
190,"Ice Age: The Meltdown","Ray Romano,Denis Leary,Queen Latifah,Josh Peck,Jay Leno,Seann William Scott","Carlos Saldanha","91 minutes","Adventure, Animation, Family"
268,"King Kong","Naomi Watts,Jack Black,Adrien Brody,Thomas Kretschmann,Colin Hanks,Andy Serkis,Evan Parke","Peter Jackson","187 minutes","Action, Adventure, Drama, Foreign, Horror, Thriller"
324,"16 Blocks","Bruce Willis,Mos Def,David Morse,Tig Fong,Cylk Cozart,Michael F. Keenan,Sasha Roiz","Richard Donner","105 minutes","Action, Adventure, Crime, Thriller"
326,"Night Watch","Konstantin Khabensky,Vladimir Menshov,Viktor Verzhbitsky,Mariya Poroshina,Gosha Kytsenko,Dima Martynov,Anna Dubrovskaya,Aleksei Chadov,Aleksander Samojlenko","Timur Bekmambetov","114 minutes","Action, Adventure, Drama, Fantasy, Foreign, Horror, Science Fiction, Thriller"
327,"Running Scared","Paul Walker,Cameron Bright,Vera Farmiga,Chazz Palminteri,Alex Neuberger,Ivana Milicevic,Johnny Messner,Michael Cudlitz","","122 minutes","Action, Adventure, Crime, Drama, Thriller"
338,"Derailed","Clive Owen,Jennifer Aniston,Melissa George,Vincent Cassel,RZA,Xzibit","Mikael Hafstrom","108 minutes","Drama, Thriller"
361,"No Escape","Owen Wilson,Lake Bell,Pierce Brosnan,Sterling Jerins,Spencer Garrett","John Erick Dowdle","103 minutes","Thriller"
381,"Dragon Blade","Jackie Chan,John Cusack,Adrien Brody,Sharni Vinson,Max Huang,Si Won Choi,Peng Lin","Daniel Lee","127 minutes","Action, Adventure, Drama, History"
387,"Prince","Ayoub Elasri,Oussama Addi,Achraf Meziani,Elsie de Brauw,Sigrid ten Napel,Jorik Scholten","Sam de Jong","78 minutes","Comedy, Drama"
413,"Breathe","JosÃÂ©phine Japy,Lou de LaÃÂ¢ge,Isabelle CarrÃÂ©,Roxane Duran","MÃÂ©lanie Laurent","91 minutes","Drama"
416,"Black Mass","Johnny Depp,Joel Edgerton,Benedict Cumberbatch,Dakota Johnson,Kevin Bacon,Jesse Plemons,Corey Stoll,Peter Sarsgaard,Juno Temple,Adam Scott,Julianne Nicholson,Rory Cochrane,Jamie Donnelly","Scott Cooper","122 minutes","Crime, Drama"
429,"Captive","Kate Mara,David Oyelowo,Michael Kenneth Williams,Mimi Rogers,Leonor Varela,E. Roger Mitchell","Jerry Jameson","97 minutes","Crime, Drama, Thriller"
441,"Big Game","Samuel L. Jackson,Onni Tommila,Ted Levine,Victor Garber,Felicity Huffman","Jalmari Helander","110 minutes","Action, Adventure"
455,"Pixels","Adam Sandler,Michelle Monaghan,Peter Dinklage,Josh Gad,Kevin James,Ashley Benson,Sean Bean,Jane Krakowski,Brian Cox","Chris Columbus","105 minutes","Action, Comedy, Science Fiction"
473,"A Hard Day","Lee Sun-Kyun,Jo Jin-woong,Jeong Man-sik,Kim Dong-yeong","Kim Seong-Hun","111 minutes","Action, Crime, Thriller"
499,"Fantastic Four","Miles Teller,Kate Mara,Jamie Bell,Michael B. Jordan,Toby Kebbell,Tim Blake Nelson,Reg E. Cathey","Josh Trank","100 minutes","Action, Adventure, Science Fiction"
503,"The Young and Prodigious T.S. Spivet","Kyle Catlett,Helena Bonham-Carter,Judy Davis,Callum Keith Rennie,Niamh Wilson,Jakob Davies,Rick Mercer,Robert Maillet,Julian Richings,Dominique Pinon","Jean-Pierre Jeunet","105 minutes","Adventure, Drama, Family"
543,"Skin Trade","Ron Perlman,Tony Jaa,Dolph Lundgren,Celina Jade,Michael Jai White,Peter Weller","Ekachai Uekrongtham","96 minutes","Action, Crime, Thriller"
551,"Police Story: Lockdown","Jackie Chan,Liu Ye,Jing Tian","Ding Sheng","110 minutes","Action, Crime, Drama, Thriller"
582,"Survivor","Milla Jovovich,Pierce Brosnan,Dylan McDermott,Angela Bassett,Robert Forster,James D'Arcy,Roger Rees,Genevieve O'Reilly,Frances de la Tour,Sonya Cassidy","James McTeigue","96 minutes","Action, Thriller"
586,"Blind","Ellen Dorrit Petersen,Vera Vitali,Henrik Rafaelsen,Marius Kolbenstvedt","Eskil Vogt","96 minutes","Drama"
593,"Spy","Melissa McCarthy,Jude Law,Jason Statham,Rose Byrne,Miranda Hart,Allison Janney,Bobby Cannavale,50 Cent,Morena Baccarin,Will Yun Lee","Paul Feig","120 minutes","Action, Comedy"
595,"The Stranger","Lorenza Izzo,Ariel Levy,Aaron Burns,Cristobal Tapia Montt,Luis Gnecco,Sally Rose","Guillermo Amoedo","93 minutes","Drama, Horror, Mystery, Thriller"
625,"Slow West","Michael Fassbender,Ben Mendelsohn,Kodi Smit-McPhee,Caren Pistorius,Rory McCann","John Maclean","84 minutes","Action, Thriller, Western"
626,"Animals","David Dastmalchian,Kim Shaw,John Heard,John Hoogenakker,Shon McGregory,Ilyssa Fradin","Collin Schiffli","90 minutes","Drama"
645,"The Gunman","Sean Penn,Javier Bardem,Ray Winstone,Jasmine Trinca,Peter FranzÃÂ©n","Pierre Morel","115 minutes","Action, Crime, Drama, Thriller"
650,"Everly","Salma Hayek,Jennifer Blanc,Hiroyuki Watanabe,Togo Igawa,Caroline Chikezie,Gabriella Wright,Akie Kotabe","Joe Lynch","92 minutes","Action, Thriller"
652,"'71","Jack O'Connell,Paul Anderson,Sean Harris,Sam Reid,Sam Hazeldine,Charlie Murphy,David Wilmot,Killian Scott","Yann Demange","99 minutes","Action, Drama, Thriller, War"
663,"Kidnapping Mr. Heineken","Anthony Hopkins,Jim Sturgess,Sam Worthington,Ryan Kwanten,Mark van Eeuwen,Thomas Cocquerel","Daniel Alfredson","","Action, Crime, Drama, Thriller"
666,"The Wrecking Crew","Lou Adler,Herb Alpert,Hal Blaine,Sonny Bono,James Burton,Glen Campbell,Al Casey,Dick Clark,Sam Cooke,Sammy Davis Jr.,The Beach Boys","Denny Tedesco","101 minutes","Documentary"
672,"Run All Night","Liam Neeson,Joel Kinnaman,Ed Harris,GÃÂ©nesis RodrÃÂ­guez,Vincent D'Onofrio,Common,Boyd Holbrook,Holt McCallany","Jaume Collet-Serra","114 minutes","Action, Crime, Drama, Mystery, Thriller"
705,"Last Knights","Clive Owen,Morgan Freeman,Aksel Hennie","Kazuaki Kiriya","115 minutes","Action, Adventure"
713,"Kill Me Three Times","Simon Pegg,Teresa Palmer,Luke Hemsworth,Sullivan Stapleton,Alice Braga,Callan Mulvey","Kriv Stenders","90 minutes","Thriller"
719,"The Squeeze","Jeremy Sumpter,Jason Dohring,Katherine LaNasa,Michael Nouri,Christopher McDonald","Terry Jastrow","95 minutes","Comedy, Drama"
720,"Roar","Tippi Hedren,Melanie Griffith,Jerry Marshall,Kyalo Mativo,Rick Glassey,Steve Miller,Noel Marshall","Noel Marshall","102 minutes","Adventure, Thriller"
721,"The Dead Lands","James Rolleston,Lawrence Makoare,Te Kohe Tuhaka,Xavier Horan","Toa Fraser","107 minutes","Action"
742,"Taken 3","Liam Neeson,Famke Janssen,Maggie Grace,Forest Whitaker,Dougray Scott","Oliver Megaton","109 minutes","Action, Crime, Thriller"
745,"A Most Violent Year","Oscar Isaac,Jessica Chastain,Albert Brooks,Elyes Gabel,David Oyelowo,Alessandro Nivola,Catalina Sandino Moreno","J.C. Chandor","125 minutes","Action, Crime, Drama, Thriller"
747,"Blackhat","Chris Hemsworth,Viola Davis,Tang Wei,Leehom Wang,Manny Montana,William Mapother","Michael Mann","135 minutes","Action, Crime, Thriller"
751,"Vice","Ambyr Childers,Bruce Willis,Thomas Jane,Bryan Greenberg","Brian A Miller","96 minutes","Action, Adventure, Science Fiction"
759,"Gangs of Wasseypur","Manoj Bajpai,Tigmanshu Dhulia,Nawazuddin Siddiqui,Richa Chadda","Anurag Kashyap","320 minutes","Action, Crime, Thriller"
772,"Mortdecai","Johnny Depp,Olivia Munn,Gwyneth Paltrow,Ewan McGregor,Jeff Goldblum,Paul Bettany","David Koepp","106 minutes","Adventure, Comedy"
773,"Son of a Gun","Ewan McGregor,Brenton Thwaites,Alicia Vikander,Matthew Nable,Damon Herriman","Julius Avery","108 minutes","Action, Crime, Drama"
780,"Wild Card","Jason Statham,SofÃÂ­a Vergara,Angela Kerecz,Stanley Tucci,Milo Ventimiglia,Anne Heche,Michael Angarano,Jason Alexander","Simon West","92 minutes","Crime, Drama, Thriller"
786,"Outcast","Nicolas Cage,Hayden Christensen,Liu Yifei,Andy On,Fernando Chien","Nick Powell","98 minutes","Action, Adventure"
790,"Seventh Son","Jeff Bridges,Julianne Moore,Ben Barnes,Alicia Vikander,Kit Harington,Djimon Hounsou,Olivia Williams","Sergey Bodrov","102 minutes","Adventure, Family, Fantasy"
835,"V/H/S: Viral","Justin Welborn,Emmy Argo,Gustavo SalmerÃÂ³n,Emilia Ares Zoryan","Justin Benson,Gregg Bishop,Aaron Moorhead,Marcel Sarmiento,Nacho Vigalondo","82 minutes","Horror, Thriller"
859,"Happy New Year","Shahrukh Khan,Deepika Padukone,Abhishek Bachchan,Jackie Shroff,Boman Irani,Sonu Sood","Farah Khan","180 minutes","Action, Comedy, Drama, Romance"
860,"Revenge of the Green Dragons","Justin Chon,Kevin Wu,Harry Shum Jr.,Ray Liotta","Andrew Lau Wai-Keung,Andrew Loo","94 minutes","Action, Crime, Drama"
907,"Open Windows","Elijah Wood,Sasha Grey,Neil Maskell,Nacho Vigalondo,Scott Weinberg","Nacho Vigalondo","100 minutes","Action, Crime, Suspense"
917,"Wolves","Jason Momoa,Lucas Till,John Pyper-Ferguson,Stephen McHattie,Merritt Patterson","David Hayter","90 minutes","Action, Horror"
933,"The Drop","Tom Hardy,Noomi Rapace,James Gandolfini,John Ortiz,Ann Dowd","MichaÃÂ«l R. Roskam","106 minutes","Crime, Drama"
957,"Young Ones","Nicholas Hoult,Elle Fanning,Michael Shannon,Kodi Smit-McPhee","Jake Paltrow","100 minutes","Action, Drama, Science Fiction"
983,"Left Behind","Nicolas Cage,Lea Thompson,Chad Michael Murray,Nicky Whelan,Jordin Sparks,Martin Klebba,Cassi Thompson","Vic Armstrong","105 minutes","Action, Science Fiction"
1009,"Falcon Rising","Michael Jai White,Neal McDonough,Laila Ali,Lateef Crowder,Hazuki Kato","Ernie Barbarash","103 minutes","Action, Drama"
1019,"Hercules","Dwayne Johnson,John Hurt,Ian McShane,Rufus Sewell,Aksel Hennie,Ingrid BolsÃÂ¸ Berdal,Joseph Fiennes","Brett Ratner","98 minutes","Action, Adventure"
1033,"Rage","Nicolas Cage,Rachel Nichols,Aubrey Peeples,Danny Glover,Peter Stormare","Paco Cabezas","92 minutes","Action, Crime, Thriller"
1034,"Dawn of the Planet of the Apes","Andy Serkis,Jason Clarke,Gary Oldman,Keri Russell,Toby Kebbell,Kodi Smit-McPhee,Kirk Acevedo,Judy Greer","Matt Reeves","130 minutes","Action, Drama, Science Fiction, Thriller"
1038,"Persecuted","James Remar,Bruce Davison,Dean Stockwell,Fred Thompson,Brad Stine,Natalie Grant","Daniel Lusko","91 minutes","Action, Adventure, Drama, Thriller"
1044,"The Purge: Anarchy","Frank Grillo,Carmen Ejogo,Zach Gilford,Kiele Sanchez,Zoe Soul","James Demonaco","103 minutes","Horror, Thriller"
1047,"Cannibal","Antonio de la Torre,MarÃÂ­a Alfonsa Rosso,Olimpia Melinte","Manuel MartÃÂ­n Cuenca","116 minutes","Thriller"
1054,"Lucy","Scarlett Johansson,Morgan Freeman,Choi Min-Sik,Analeigh Tipton,Amr Waked","Luc Besson","90 minutes","Action, Science Fiction"
1063,"Teenage Mutant Ninja Turtles","Megan Fox,Alan Ritchson,Will Arnett,Noel Fisher,Johnny Knoxville,William Fichtner,Minae Noji,Jeremy Howard,Whoopi Goldberg,Danny Woodburn,Abby Elliott,Tony Shalhoub","Jonathan Liebesman","101 minutes","Action, Adventure, Comedy, Fantasy, Science Fiction"
1078,"The Expendables 3","Sylvester Stallone,Jason Statham,Terry Crews,Randy Couture,Antonio Banderas,Jet Li,Wesley Snipes,Dolph Lundgren,Glen Powell,Mel Gibson,Harrison Ford,Arnold Schwarzenegger,Kellan Lutz,Kelsey Grammer,Robert Davi,Ronda Rousey,Victor Ortiz","Patrick Hughes","126 minutes","Action, Adventure, Thriller"
1092,"Jackpot","Kyrre Hellum,Mads Ousdal,Henrik Mestad,Andreas Cappelen,Arthur Berning,Lena Kristin Ellingsen,Fridtjov SÃÂ¥heim","Magnus Martens","90 minutes","Action, Comedy, Crime"
1121,"How to Train Your Dragon 2","Jay Baruchel,Cate Blanchett,Gerard Butler,Craig Ferguson,America Ferrera,Jonah Hill,Christopher Mintz-Plasse,T. J. Miller,Kristen Wiig,Djimon Hounsou,Kit Harington","Dean Deblois","102 minutes","Action, Adventure, Animation"
1122,"22 Jump Street","Jonah Hill,Channing Tatum,Ice Cube,Dave Franco,Nick Offerman,Peter Stormare,Rob Riggle,Wyatt Russell,Richard Grieco,Amber Stevens,Jillian Bell,Jimmy Tatro","Phil Lord,Chris Miller","112 minutes","Action, Comedy"
1134,"The Double","Jesse Eisenberg,Mia Wasikowska,Wallace Shawn,Noah Taylor,Rade ÃÂ erbedÃÂ¾ija,Yasmin Paige,James Fox,Nathalie Cox,Phyllis Somerville,Sally Hawkins","Richard Ayoade","93 minutes","Drama"
1137,"Godzilla","Bryan Cranston,Elizabeth Olsen,Aaron Taylor-Johnson,Juliette Binoche,Sally Hawkins,David Strathairn,Ken Watanabe,Victor Rasuk,Brian Markinson,Al Sapienza,Patrick Sabongui,Yuki Mortia","Gareth Edwards","123 minutes","Horror, Science Fiction"
1142,"Wolf Creek 2","John Jarratt,Ryan Corr,Shannon Ashlyn,Phillipe Klaus,Gerard Kennedy,Annie Byron","Greg Mclean","106 minutes","Horror, Thriller"
1159,"Brick Mansions","Paul Walker,David Belle,RZA,Robert Maillet,Carlo Rota,Catalina Denis,Ayisha Issa","Camille Delamarre","90 minutes","Action, Crime"
1168,"The Amazing Spider-Man 2","Andrew Garfield,Emma Stone,Jamie Foxx,Dane DeHaan,Colm Feore,Felicity Jones,Paul Giamatti,Sally Field,Marton Csokas,Embeth Davidtz,Denis Leary,Chris Zylka,B.J. Novak","Marc Webb","142 minutes","Action, Adventure, Fantasy"
1171,"The Protector 2","Tony Jaa,RZA,Petchtai Wongkamlao,JeeJa Yanin,Marrese Crump,Yayaying Rhatha Phongam","Prachya Pinkaew","104 minutes","Action"
1189,"Rigor Mortis","Chin Siu-Ho,Anthony Chan,Kara Hui,Richard Ng,Hoi-Pang Lo,Hee Ching Paw","Juno Mak","105 minutes","Action, Drama, Horror"
1220,"The Raid 2","Iko Uwais,Julie Estelle,Arifin Putra,Tio Pakusodewo,Oka Antara,Ryuhei Matsuda,Ken'ichi EndÃÂ´","Gareth Evans","","Action, Crime, Thriller"
1227,"Noah","Russell Crowe,Jennifer Connelly,Emma Watson,Logan Lerman,Douglas Booth,Anthony Hopkins,Ray Winstone,Kevin Durand","Darren Aronofsky","","Action, Drama, Fantasy"
1229,"Blood Ties","Mila Kunis,Zoe Saldana,Marion Cotillard,Clive Owen,James Caan,Lili Taylor,Billy Crudup","Guillaume Canet","144 minutes","Crime, Drama, Thriller"
1232,"Afflicted","Baya Rehaz,Derek Lee,Clif Prowse","Clif Prowse,Derek Lee","85 minutes","Action, Thriller"
1238,"Non-Stop","Liam Neeson,Julianne Moore,Scoot McNairy,Michelle Dockery,Anson Mount,Lupita Nyong'o,Corey Stoll,Linus Roache,Jon Abrahams","Jaume Collet-Serra","106 minutes","Action, Mystery, Thriller"
1240,"Stalingrad","Mariya Smolnikova,Yanina Studilina,Pyotr Fyodorov,Thomas Kretschmann,Philippe Reinhardt,Sergey Bondarchuk,Dmitriy Lysenkov","Fedor Bondarchuk","135 minutes","Action, Drama, War"
1244,"Gulaab Gang","Madhuri Dixit,Juhi Chawla,Priyanka Bose","Soumik Sen","139 minutes","Action, Drama"
1245,"War of the Worlds: Goliath","Beau Billingslea,Jim Byrnes,Elizabeth Gracen,Adrian Paul,James Arnold Taylor","Joe Pearson","85 minutes","Action, Adventure, Animation"
1251,"Special ID","Donnie Yen,Jing Tian,Andy On,Collin Chou,Ronald Cheng,Pau Hei-Ching,Ying Zhi-Gang","Clarence Fok Yiu-leung","98 minutes","Action, Adventure, Crime"
1255,"300: Rise of an Empire","Lena Headey,Sullivan Stapleton,Eva Green,Jack O'Connell,Rodrigo Santoro,David Wenham,Callan Mulvey,Andrew Tiernan,Ashraf Barhom,Andrew Pleavin","Noam Murro","","Action"
1271,"Need for Speed","Aaron Paul,Dominic Cooper,Imogen Poots,Scott Mescudi,Rami Malek,RamÃÂ³n RodrÃÂ­guez,Harrison Gilbertson,Dakota Johnson,Michael Keaton","Scott Waugh","102 minutes","Action, Crime, Drama, Thriller"
1304,"The Outsider","Shannon Elizabeth,James Caan,Jason Patric,Craig Fairbrass,Melissa Ordway","Brian A Miller","94 minutes","Action, Crime, Drama"
1315,"Back in the Day","Morena Baccarin,Michael Rosenbaum,Nick Swardson,Harland Williams,Jay R. Ferguson,Sarah Colonna,Isaiah Mustafa,Kristoffer Polaha,Emma Caulfield","Michael Rosenbaum","94 minutes","Comedy"
1318,"Ride Along","Kevin Hart,Tika Sumpter,Ice Cube,Jasmine Burke,David Banner,John Leguizamo,Laurence Fishburne,Jay Pharaoh","Tim Story","","Action, Comedy"
1337,"47 Ronin","Keanu Reeves,Hiroyuki Sanada,Kou Shibasaki,Tadanobu Asano,Rinko Kikuchi,Min Tanaka,Jin Akanishi,Masayoshi Haneda,Hiroshi Sogabe,Takato Yonemoto","Carl Rinsch","119 minutes","Action, Adventure, Drama, Fantasy"
1345,"Beyond Outrage","Takeshi Kitano,Ryo Kase,Toshiyuki Nishida,Shun Sugata,Fumiyo Kohinata,Hideo Nakano","Takeshi Kitano","110 minutes","Action, Foreign"
1349,"RoboCop","Joel Kinnaman,Gary Oldman,Michael Keaton,Abbie Cornish,Samuel L. Jackson,Jackie Earle Haley,Jennifer Ehle,Jay Baruchel","JosÃÂ© Padilha","102 minutes","Action, Crime, Science Fiction, Thriller"
1353,"Easy Money: Hard to Kill","Joel Kinnaman,Matias Varela,Dragomir Mrsic,Fares Fares,Dejan ÃÂukiÃÂ","Babak Najafi","99 minutes","Action, Crime, Drama, Thriller"
1360,"Gunday","Ranveer Singh,Arjun Kapoor,Priyanka Chopra,Irrfan Khan","Ali Abbas Zafar","152 minutes","Action, Crime, Drama"
1366,"3 Days to Kill","Kevin Costner,Amber Heard,Hailee Steinfeld,Connie Nielsen,Richard Sammel,TÃÂ³mas Lemarquis,Marc AndrÃÂ©oni,Eriq Ebouaney","McG","113 minutes","Action, Crime, Drama, Thriller"
1376,"Enemies Closer","Jean-Claude Van Damme,Tom Everett Scott,Orlando Jones,Linzey Cocker,Kristopher Van Varenberg","Peter Hyams","85 minutes","Action, Thriller"
1396,"Welcome to the Jungle","Kristen Schaal,Megan Boone,Jean-Claude Van Damme,Adam Brody,Rob Huebel,Aaron Takahashi,Bianca Bree,Eric Edelstein,Robert Peters","Rob Meltzer","95 minutes","Comedy"
1413,"Oldboy","Josh Brolin,Samuel L. Jackson,Elizabeth Olsen,Sharlto Copley,Lance Reddick,Michael Imperioli,Richard Portnow,Max Casella","Spike Lee","","Drama, Mystery, Thriller"
1416,"Homefront","James Franco,Jason Statham,Winona Ryder,Rachelle Lefevre,Kate Bosworth","Gary Fleder","","Action, Thriller"
1438,"Aftermath","Ireneusz Czop,Maciej Stuhr,Jerzy RadziwiÃÂowicz,Zuzana FialovÃÂ¡,Andrzej Mastalerz,Zbigniew Zamachowski,Danuta Szaflarska,Jerzy Szynkiewicz","WÃÂadysÃÂaw Pasikowski","107 minutes","Drama, Thriller"
1449,"Boss","Akshay Kumar,Mithun Chakraborty,Shiv Pandit,Ronit Roy,Aditi Rao Hydari","Anthony D'Souza","143 minutes","Action, Drama"
1451,"Big Ass Spider!","Greg Grunberg,Lombardo Boyar,Clare Kramer,Ray Wise,Lin Shaye,Patrick Bauchau,Lloyd Kaufman","Mike Mendez","85 minutes","Science Fiction"
1462,"Man of Tai Chi","Keanu Reeves, Tiger Hu Chen,Jeremy Marinas,Steven Dasz,Karen Mok Man-Wai,Michael Chan,Qing Ye,Yu Hai,Sam Lee,Iko Uwais","Keanu Reeves","105 minutes","Action"
1464,"Ender's Game","Asa Butterfield,Hailee Steinfeld,Harrison Ford,Abigail Breslin,Aramis Knight,MoisÃÂ©s Arias,Jimmy ""Jax"" Pinchak,Viola Davis,Ben Kingsley,Suraj Partha,Khlylin Rhambo","Gavin Hood","110 minutes","Science Fiction"
1492,"Hellbenders","Clifton Collins Jr.,Clancy Brown,Andre Royo,Robyn Rikoon","J.T. Petty","","Action, Foreign"
1494,"Haunter","Abigail Breslin,Stephen McHattie,David Hewlett,David Knoller,Peter Outerbridge,Michelle Nolden","Vincenzo Natali","97 minutes","Horror, Mystery, Thriller"
1496,"Riddick","Vin Diesel,Karl Urban,Katee Sackhoff,Jordi MollÃÂ ,Bokeem Woodbine,Nolan Gerard Funk,Noah Danby,Neil Napier,Dave Bautista","David Twohy","119 minutes","Action, Science Fiction, Thriller"
1499,"The Mortal Instruments: City of Bones","Lily Collins,Jamie Campbell Bower,Kevin Zegers,Jemima West,Robert Sheehan,Jared Harris,Lena Headey,Aidan Turner,Godfrey Gao","Harald Zwart","","Action, Adventure, Drama"
1506,"The World's End","Simon Pegg,Nick Frost,Rosamund Pike,Paddy Considine,Eddie Marsan,Martin Freeman,David Bradley,Bill Nighy","Edgar Wright","109 minutes","Action, Comedy, Science Fiction"
1507,"The Grandmaster","Tony Leung Chiu-Wai,Ziyi Zhang,Song Hye-Kyo,Chang Chen,Wong Hing-Cheung,Zhao Ben-Shan","Wong Kar-Wai","130 minutes","Action, Drama, Foreign, History"
1524,"Rush","Daniel BrÃÂ¼hl,Chris Hemsworth,Olivia Wilde,Alexandra Maria Lara,Natalie Dormer,Christian McKay,Tom Wlaschiha","Ron Howard","123 minutes","Action, Drama, Sports Film"
1533,"Ip Man: The Final Fight","Anthony Wong Chau-Sang,Gillian Chung,Eric Tsang,Zhou Chu-Chu,Timmy Hung,Jiang Lu-Xia,Xiong Xin-Xin,Anita Yuen,Jordan Chan Siu-Chun","Herman Yau","100 minutes","Action, Drama"
1535,"The Colony","Laurence Fishburne,Kevin Zegers,Bill Paxton,Charlotte Sullivan,John Tench,Atticus Dean Mitchell,Dru Viergever,Romano Orzari","Jeff Renfroe","95 minutes","Action, Science Fiction, Thriller"
1553,"Machete Kills","Jessica Alba,Mel Gibson,Michelle Rodriguez,Danny Trejo,Tom Savini,SofÃÂ­a Vergara,Lady Gaga,Vanessa Hudgens,Alexa Vega,Cuba Gooding Jr.,Amber Heard,DemiÃÂ¡n Bichir,Charlie Sheen","Robert Rodriguez","107 minutes","Action"
1577,"The Family","Robert De Niro,Michelle Pfeiffer,Tommy Lee Jones,Dianna Agron,John D'Leo,Vincent Pastore,Joseph Perrino,Paul Borghese,Jimmy Palumbo,Kresh Novakovic","Luc Besson","","Comedy, Crime, Drama, Thriller"
1579,"Madras Cafe","John Abraham,Nargis Fakhri,Rashi Khanna,Siddharth Basu,Prakash Belawadi","Shoojit Sircar","",""
1580,"I Declare War","Siam Yu,Gage Munroe,Michael Friend,Aidan Gouveia,Mackenzie Munro,Alex Cardillo,Dyson Fyke,Spencer Howes,Andy Reid,Kolton Stewart,Richard Nguyen,Eric Hanson,Alex Wall","Jason Lapeyre,Robert Wilson","94 minutes","Action, Comedy, Drama"
1582,"Getaway","Ethan Hawke,Selena Gomez,Jon Voight,Paul Freeman,Bruce Payne,Rebecca Budig","Courtney Solomon","","Action, Crime"
1588,"Bounty Killer","Matthew Marsden,Kristanna Loken,Christian Pitre,Barak Hardley,Abraham Benrubi,Gary Busey,Beverly D'Angelo,Eve,Kevin McNally,Alexa Vega","Henry Saine","93 minutes","Action"
1599,"We're the Millers","Jason Sudeikis,Jennifer Aniston,Emma Roberts,Will Poulter,Ed Helms,Nick Offerman,Kathryn Hahn,Thomas Lennon,Mark L. Young","Rawson Marshall Thurber","110 minutes","Comedy, Crime"
1601,"Blood","Paul Bettany,Mark Strong,Brian Cox,Stephen Graham,Zoe Tapper,Ben Crompton,Natasha Little,Adrian Edmondson","Nick Murphy","92 minutes","Mystery, Thriller"
1602,"Elysium","Matt Damon,Alice Braga,Wagner Moura,Diego Luna,Sharlto Copley,Faran Tahir,Jodie Foster,William Fichtner","Neill Blomkamp","","Action, Drama, Science Fiction, Thriller"
1603,"Chennai Express","Deepika Padukone,Shahrukh Khan,Sathyaraj,Nikitin Dheer","Rohit Shetty","",""
1618,"R.I.P.D.","Jeff Bridges,Ryan Reynolds,Kevin Bacon,Stephanie Szostak,Mary-Louise Parker,Marisa Miller,Robert Knepper,James Hong","Robert Schwentke","","Action, Comedy, Crime"
1620,"RED 2","Bruce Willis,Mary-Louise Parker,Helen Mirren,John Malkovich,Catherine Zeta-Jones,Anthony Hopkins,David Thewlis","Dean Parisot","","Action, Comedy, Crime, Thriller"
1635,"Frankenstein's Army","Karel Roden,Joshua Sasse,Robert Gwilym,Alexander Mercury,Luke Newberry","Richard Raaphorst","84 minutes","Action, Horror"
1648,"Violet & Daisy","Saoirse Ronan,Alexis Bledel,Danny Trejo,James Gandolfini,Tatiana Maslany,Cody Horn","Geoffrey Fletcher","","Thriller"
1649,"The Heat","DemiÃÂ¡n Bichir,Taran Killam,Michael Rapaport,Jane Curtin","Paul Feig","","Action"
1652,"White House Down","Channing Tatum,Jamie Foxx,Joey King,Maggie Gyllenhaal,Richard Jenkins,James Woods","Roland Emmerich","137 minutes","Action, Drama, Thriller"
1672,"Iron Man 3","Robert Downey Jr.,Gwyneth Paltrow,Guy Pearce,Don Cheadle,Ben Kingsley,Paul Bettany,Rebecca Hall,Jon Favreau,William Sadler,James Badge Dale","Shane Black","130 minutes","Action, Adventure, Science Fiction"
1678,"Star Trek Into Darkness","Chris Pine,Benedict Cumberbatch,Zachary Quinto,Simon Pegg,Zoe Saldana","J.J. Abrams","129 minutes","Action, Adventure, Science Fiction"
1680,"Fast & Furious 6","Paul Walker,Vin Diesel,Dwayne Johnson,Jordana Brewster,Gina Carano,Luke Evans,Michelle Rodriguez,Tyrese Gibson,Eva Mendes,Gal Gadot,Sung Kang,Jason Statham","Justin Lin","140 minutes","Action, Thriller"
1681,"Epic","Josh Hutcherson,Amanda Seyfried,Colin Farrell,Jason Sudeikis,Aziz Ansari,Christoph Waltz,BeyoncÃÂ© Knowles,Judah Friedlander,Steven Tyler,Pitbull,Blake Anderson","Chris Wedge","","Adventure, Animation, Family"
1684,"After Earth","Will Smith,Jaden Smith,Sophie Okonedo,Zoe Kravitz","M. Night Shyamalan","","Action, Adventure, Science Fiction"
1691,"The Host","Saoirse Ronan,Diane Kruger,Max Irons,William Hurt,Jake Abel,Frances Fisher","Andrew Niccol","125 minutes","Science Fiction, Thriller"
1711,"Pain & Gain","Mark Wahlberg,Rebel Wilson,Dwayne Johnson,Ken Jeong,Ed Harris,Anthony Mackie,Tony Shalhoub,Rob Corddry","Michael Bay","130 minutes","Action"
1724,"The Silence","Sebastian Blomberg,Burghart Klaussner,Katrin Sass,Oliver Stokowski,Ulrich Thomsen,Anna Lena Klenke","","120 minutes","Crime, Drama, Thriller"
1725,"Spring Breakers","Selena Gomez,James Franco,Vanessa Hudgens,Ashley Benson,Rachel Korine,Heather Morris,Gucci Mane,James Franco","","94 minutes","Comedy"
1741,"A Good Day to Die Hard","Bruce Willis,Jai Courtney,Sebastian Koch,Cole Hauser,Yuliya Snigir","John Moore","97 minutes","Action, Thriller"
1750,"Phantom","Ed Harris,David Duchovny,William Fichtner,Lance Henriksen,Johnathon Schaech,Julian Adams","","",""
1753,"The Sweeney","Ray Winstone,Ben Drew,Hayley Atwell,Steven MacKintosh,Paul Anderson,Damian Lewis","","112 minutes","Crime, Drama"
1761,"Parker","Jason Statham,Jennifer Lopez,Michael Chiklis,Wendell Pierce,Clifton Collins Jr.,Micah A. Hauptman,Bobby Canavale,Nick Nolte","Taylor Hackford","","Crime, Thriller"
1772,"Bullet to the Head","Sylvester Stallone,Sung Kang,Christian Slater,Adewale Akinnuoye-Agbaje,Jason Momoa,Jon Seda,Sarah Shahi","Walter Hill","92 minutes","Action, Crime, Thriller"
1781,"Safe Haven","Julianne Hough,Josh Duhamel,Cobie Smulders,David Lyons","Lasse Hallstrom","","Romance"
1799,"Gangster Squad","Mickey Cohen,Sgt. John O'Mara,Sgt. Jerry Wooters,Grace Faraday,Connie O'Mara,Chief Parker,Officer Max Kennard,Officer Conway Keeler","Ruben Fleischer","113 minutes","Crime, Drama"
1803,"The Last Stand","Arnold Schwarzenegger,Forest Whitaker,Eduardo Noriega,Luis Guzman,Peter Stormare,Johnny Knoxville","Jee-woon Kim","107 minutes","Action, Crime, Thriller"
1809,"Hit and Run","Dax Shepard,Tom Arnold,Kristen Bell,Kal Bennett,Beau Bridges,Kristin Chenoweth,Bradley Cooper,Michael Rosenbaum,Jess Rowland","Dax Shepard,David Palmer","100 minutes","Action, Comedy, Romance"
1814,"Premium Rush","Joseph Gordon-Levitt,Michael Shannon,Daniela Ramirez,Lauren Ashley Carter,Jamie Chung,Wole Parks","David Koepp","91 minutes","Action, Thriller"
1835,"The Master","Philip Seymour Hoffman,Joaquin Phoenix,Amy Adams,Laura Dern,Christopher Evan Welch,Patty McCormack","","137 minutes","Action, Drama, Foreign"
1841,"Looper","Joseph Gordon-Levitt,Bruce Willis,Emily Blunt,Paul Dano,Jeff Daniels","","118 minutes","Action, Science Fiction, Thriller"
1852,"Taken 2","Liam Neeson,Famke Janssen,Maggie Grace,Rade Sherbedgia,D.B. Sweeney","Olivier Megaton","91 minutes","Action, Crime, Drama, Thriller"
1898,"Red Dawn","Chris Hemsworth,Josh Hutcherson,Josh Peck,Isabel Lucas,Connor Cruise,Adrianne Palicki,Brett Cullen","Dan Bradley","114 minutes","Action, Thriller"
1931,"Total Recall","Colin Farrell,Kate Beckinsale,Jessica Biel,Bryan Cranston,Bokeem Woodbine,Bill Nighy","Len Wiseman","121 minutes","Action, Adventure, Science Fiction, Thriller"
1937,"The Bourne Legacy","Jeremy Renner,Rachel Weisz,Edward Norton,Scott Glenn,Stacy Keach,Albert Finney,David Strathairn","","120 minutes","Action, Thriller"
1961,"Men in Black III","Will Smith,Tommy Lee Jones,Josh Brolin,Jemaine Clement,Emma Thompson,Michael Stuhlbarg,Alice Eve,David Rasche","Barry Sonnenfeld","",""
1976,"The Amazing Spider-Man","Andrew Garfield,Emma Stone,Rhys Ifans,Denis Leary,Martin Sheen,Sally Field","Marc Webb","136 minutes","Action, Adventure, Thriller"
1977,"Savages","Taylor Kitsch,Blake Lively,Aaron Johnson,John Travolta,Benicio Del Toro,Salma Hayek","Oliver Stone","131 minutes","Crime, Drama, Thriller"
1993,"The Girl from the Naked Eye","Jason Yee,Samantha Streets,Gary Stretch,Dominique Swain,Sasha Grey","David Ren","80 minutes","Action, Romance, Thriller"
1999,"Abraham Lincoln: Vampire Hunter","Benjamin Walker,Dominic Cooper,Anthony Mackie,Mary Elizabeth Winstead,Rufus Sewell,Jimmi Simpson,Erin Wasson,John Rothman","Timur Bekmambetov","94 minutes","Horror, Thriller"
2005,"Wrath of the Titans","Sam Worthington,Liam Neeson,Ralph Fiennes,Rosamund Pike,Bill Nighy,Danny Huston,Edgar Ramirez,Toby Kebbell","Jonathan Liebesman","99 minutes","Action, Adventure, Fantasy"
2014,"The Grey","Liam Neeson,Dermot Mulroney,Frank Grillo,Dallas Roberts,Joe Anderson","Joe Carnahan","117 minutes","Action, Adventure, Drama, Thriller"
2025,"Deadline","Eric Roberts,Steve Talley,Lauren Jenkins,Jackie Welch,J.D. Souther","Curt Hahn","95 minutes","Drama, Mystery, Thriller"
2027,"Lockout","Guy Pearce,Maggie Grace,Vincent Regan,Peter Hudson,Peter Stormare","Stephen St. Legal,James Mather","95 minutes","Action, Foreign, Science Fiction, Thriller"
2037,"The Avengers","Robert Downey Jr.,Chris Evans,Mark Ruffalo,Chris Hemsworth,Scarlett Johansson,Jeremy Renner,Tom Hiddleston,Samuel L. Jackson","Joss Whedon","143 minutes","Action, Thriller"
2043,"This Means War","Reese Witherspoon,Chris Pine,Tom Hardy,Til Schweiger,Angela Bassett,Chelsea Handler","McG","97 minutes","Action, Comedy, Romance, Thriller"
2050,"Harakiri","","","135 minutes","Drama, Foreign"
2053,"The Hunter","Rafi Pitts,Mitra Hajjar,Malek Jahan Khazai,Saba Yaghoobi","Rafi Pitts","90 minutes","Drama, Foreign, Thriller"
2054,"Act of Valor","Roselyn Sanchez","Mike McCoy,Scott Waugh","110 minutes","Action, Adventure, Thriller, War"
2058,"John Carter","Taylor Kitsch,Lynn Collins,Willem Dafoe,Thomas Haden Church,Samantha Morton,Dominic West,Ciaran Hinds","Andrew Stanton","132 minutes","Action, Adventure, Fantasy, Science Fiction"
2063,"21 Jump Street","Jonah Hill,Channing Tatum,Brie Larson,Dave Franco,Rob Riggle,Ice Cube","Phil Lord,Christopher Miller","109 minutes","Action, Comedy, Family"
2066,"Seeking Justice","Nicolas Cage,January Jones,Guy Pearce,Harold Perrineau,Jennifer Carpenter","Roger Donaldson","105 minutes","Action, Drama, Thriller"
2083,"Man on a Ledge","Sam Worthington,Elizabeth Banks,Edward Burns,Jamie Bell,Genesis Rodriguez,Ed Harris,Kyra Sedgwick","Asger Leth","102 minutes","Action, Crime, Thriller"
2096,"The Double","Richard Gere,Topher Grace,Martin Sheen,Stephen Moyer,Odette Yustman","Michael Brandt","98 minutes","Action, Crime, Drama, Mystery, Thriller"
2106,"Immortals","Henry Cavill,Mickey Rourke,Stephen Dorff,Freida Pinto,Luke Evans,John Hurt,Lysander,Aethra,The Monk,Alan Van Sprang,Peter Stebbings,Daniel Sharman,Isabel Lucas","Tarsem Singh","110 minutes","Action, Fantasy, Science Fiction"
2133,"Contraband","Mark Wahlberg,Kate Beckinsale,Giovanni Ribisi,Ben Foster,J.K. Simmons,Diego Luna,Lukas Haas","Baltasar Kormakur","109 minutes","Action, Crime, Drama, Thriller"
2156,"Sherlock Holmes: A Game of Shadows","Robert Downey Jr.,Jude Law,Noomi Rapace,Rachel McAdams,Jared Harris,Stephen Fry,Paul Anderson,Kelly Reilly,Eddie Marsan","Guy Ritchie","129 minutes","Action, Adventure, Comedy, Crime, Mystery, Thriller"
2157,"Mission: Impossible -- Ghost Protocol","Tom Cruise,Jeremy Renner,Simon Pegg,Paula Patton,Michael Nyqvist","Brad Bird","133 minutes","Action, Adventure, Thriller"
2162,"The Adventures of Tintin","Jamie Bell,Andy Serkis,Daniel Craig,Nick Frost,Simon Pegg,Toby Jones","Steven Spielberg","107 minutes","Action, Adventure, Animation, Family"
2164,"Haywire","Gina Carano,Michael Fassbender,Ewan McGregor,Bill Paxton,Channing Tatum,Antonio Banderas,Michael Douglas","Steven Soderbergh","93 minutes","Action, Thriller"
2171,"Trespass","Nicolas Cage,Nicole Kidman,Ben Mendelsohn,Liana Liberato,Cam Gigandet","Joel Schumacher","91 minutes","Crime, Drama, Thriller"
2187,"Boy Wonder","Caleb Steinmeyer,Bill Sage,Zulay Henao,Tracy Middendorf","","93 minutes","Action, Crime, Drama, Thriller"
2193,"Cowboys & Aliens","Daniel Craig,Harrison Ford,Olivia Wilde,Sam Rockwell,Adam Beach,Paul Dano,Keith Carradine","John Favreau","119 minutes","Action, Science Fiction, Thriller, Western"
2196,"Rise of the Planet of the Apes","James Franco,Freida Pinto,John Lithgow,Brian Cox,Tom Felton","Rupert Wyatt","105 minutes","Action, Drama, Science Fiction"
2199,"The Robber","Andreas Lust,Franziska Weisz,Markus Schleinzer","Benjamin Heisenberg","96 minutes","Crime, Drama, Foreign, Thriller"
2201,"The Guard","Brendan Gleeson,Don Cheadle,Liam Cunningham,David Wilmot,Rory Keenan,Mark Strong,Fionnula Flanagan","","96 minutes","Action, Comedy, Crime, Foreign, Thriller"
2208,"Transformers: Dark of the Moon","Shia LaBeouf,Rosie Huntington-Whiteley,Josh Duhamel,John Turturro,Tyrese Gibson,Patrick Dempsey,Frances McDormand,John Malkovich,Kevin Dunn,Julie White,Alan Tudyk,Ken Jeong,Glenn Morshower","Michael Bay","154 minutes","Action, Adventure, Science Fiction"
2228,"Attack the Block","John Boyega,Jodie Whittaker,Alex Esmail,Luke Treadaway,Simon Howard,Nick Frost","","88 minutes","Action, Comedy, Foreign, Science Fiction"
2245,"Killer Elite","Jason Statham,Clive Owen,Robert De Niro,Dominic Purcell,Aden Young","Gary Mc","116 minutes","Action, Adventure, Thriller"
2246,"Detective Dee and the Mystery of the Phantom Flame","Andy Lau,Carina Lau,Li Bingbing,Tony Leung Ka-fai,Chao Deng","Tsui Hark","119 minutes","Action, Crime, Foreign, Thriller"
2248,"Machine Gun Preacher","Gerard Butler,Michael Shannon,Michelle Monaghan,Kathy Baker,Souleymane Sy Savane,Madeline Carroll","Marc Forster","129 minutes","Action, Crime, Thriller"
2252,"Weekend","Tom Cullen,Chris New,Jonathan Race,Laura Freeman,Jonathan Wright,Loretto Murray","","96 minutes","Drama, Foreign, Romance"
2255,"Point Blank","Gilles Lellouche,Roschdy Zem,Gerard Lanvin,Elena Anaya,Mireille Perrier,Claire Perot","Fred Cavaye","84 minutes","Action, Crime, Foreign, Thriller"
2265,"5 Days of War","Rupert Friend,Richard Coyle,Emmanuelle Chriqui,Johnathon Schaech,Val Kilmer,Andy Garcia,Heather Graham","Renny Harlin","113 minutes","Action, Comedy, Drama, Romance, Thriller"
2276,"Bellflower","Evan Glodell,Jessie Wiseman,Tyler Dawson,Rebekah Brandes,Vincent Grashaw","","106 minutes","Action, Drama, Indie, Romance"
2277,"Drive","Ryan Gosling,Carey Mulligan,Bryan Cranston,Albert Brooks,Ron Perlman,Oscar Isaac","Nicolas Winding Refn","100 minutes","Action, Crime, Drama, Thriller"
2282,"Real Steel","Hugh Jackman,Dakota Goyo,Evangeline Lilly,Anthony Mackie,Kevin Durand,Hope Davis,James Rebhorn","Shawn Levy","127 minutes","Action, Drama, Science Fiction, Sport"
2287,"Blackthorn","Sam Shepard,Eduardo Noriega,Stephen Rea,Magaly Solier,Dominique McElligott,Nikolaj Coster-Waldau,Padraic Delaney","Mateo Gil","98 minutes","Action, Western"
2295,"The Fighter","Mark Wahlberg,Christian Bale,Melissa Leo,Amy Adams,Jack McGee","David O. Russell","116 minutes","Drama, Sport"
2308,"Unstoppable","Denzel Washington,Chris Pine,Rosario Dawson,Ethan Suplee,Kevin Dunn","Tony Scott","98 minutes","Action, Thriller"
2320,"Faster","","George Tillman Jr","98 minutes","Action, Drama, Thriller"
2321,"The Nutcracker in 3D","","Andrei Konchalovsky","110 minutes","Action, Family, Fantasy, Science Fiction"
2332,"Season of the Witch","Nicolas Cage,Ron Perlman,Claire Foy,Robert Sheehan,Christopher Lee","Dominic Sena","95 minutes","Action, Adventure, Drama, Fantasy, Science Fiction, Thriller"
2338,"The Mechanic","Jason Statham,Ben Foster,Tony Goldwyn,Donald Sutherland,Jeff Chase","Simon West","93 minutes","Action, Adventure, Crime, Drama, Thriller"
2339,"The Green Hornet","Jay Chou,Cameron Diaz,Tom Wilkinson,Christoph Waltz,David Harbour,Edward James Olmos","Michel Gondry","119 minutes","Action, Comedy, Crime"
2346,"The Eagle","Channing Tatum,Jamie Bell,Donald Sutherland,Mark Strong,Tahar Rahim,Denis O'Hare","Kevin MacDonald","114 minutes","Action, Adventure, Drama, Thriller"
2351,"I Am Number Four","Alex Pettyfer,Timothy Olyphant,Dianna Agron,Callan McAuliffe","D.J. Caruso","109 minutes","Action, Adventure, Drama, Science Fiction, Thriller"
2352,"Unknown","Liam Neeson,Diane Kruger,January Jones,Aidan Quinn,Bruno Ganz,Frank Langella","Jaume Collet-Serra","113 minutes","Action, Drama, Indie, Mystery, Thriller"
2358,"Drive Angry 3D","Nicolas Cage,Amber Heard,William Fichtner,Billy Burke,David Morse,Todd Farmer,Christa Campbell,Charlotte Ross,Tom Atkins,Jack McGee","Patrick Lussier","",""
2359,"The Tourist","Angelina Jolie,Johnny Depp,Paul Bettany,Timothy Dalton,Steven Berkoff,Rufus Sewell","Florian Henckel","103 minutes","Action, Mystery, Romance, Thriller"
2370,"Stone","Robert De Niro,Edward Norton,Milla Jovovich,Frances Conroy,Enver Gjokaj,Pepper Binkley","John Curran","105 minutes","Crime, Drama, Mystery, Suspense, Thriller"
2374,"The Circus","","","71 minutes","Comedy, Drama, Family, Romance"
2380,"Superman","","","143 minutes","Action, Family, Fantasy, Science Fiction"
2382,"Megamind","Will Ferrell,Tina Fey,Jonah Hill,David Cross,Brad Pitt","Tom McGrath","95 minutes","Action, Animation, Comedy, Family"
2383,"Fair Game","Naomi Watts,Sean Penn,Sam Shepard,Noah Emmerich,Michael Kelly,Bruce McGill","Doug Liman","108 minutes","Drama, Thriller"
2386,"Prince of Persia: The Sands of Time","Jake Gyllenhaal,Gemma Arterton,Ben Kingsley,Alfred Molina,Toby Kebbell","Mike Newell","116 minutes","Action, Adventure, Fantasy, Science Fiction"
2396,"The Karate Kid","Jaden Smith,Jackie Chan,Taraji P. Henson,Han Wenwen","Harald Zwart","140 minutes","Action, Adventure, Drama, Family"
2405,"The A-Team","Liam Neeson,Jessica Biel,Bradley Cooper,Sharlto Copley,Quinton,Patrick Wilson","Joe Carnahan","117 minutes","Action, Thriller"
2406,"Jonah Hex","Josh Brolin,John Malkovich,Megan Fox,Michael Fassbender,Will Arnett,John Gallagher Jr.,Tom Wopat,Michael Shannon,Wes Bentley,Julia Jones","Jimy Hayward","80 minutes","Action, Adventure, Drama, Science Fiction, Thriller, Western"
2431,"Predators","Adrien Brody,Topher Grace,Danny Trejo,Alice Braga,Walton Goggins,Oleg Taktarov,Laurence Fishburne","Nimrod Antal","107 minutes","Action, Adventure, Horror, Science Fiction"
2432,"The Sorcerer's Apprentice","Nicolas Cage,Jay Baruchel,Alfred Molina,Teresa Palmer,Monica Bellucci,Alice Krige,Jake Cherry,James A. Stephens","Jon Turteltaub","109 minutes","Action, Adventure, Comedy, Family, Fantasy, Science Fiction"
2439,"Legendary","John Cena,Patricia Clarkson,Devon Graye,Danny Glover,Madeleine Martin,Tyler Posey","Mel Damski","","Drama, Indie"
2455,"Hatchet II","Danielle Harris,Tony Todd,Kane Hodder,Parry Shen,Tom Holland,R.A. Mihailoff","","89 minutes","Action, Comedy, Horror"
2460,"Salt","Angelina Jolie,Liev Schreiber,Chiwetel Ejiofor,Daniel Olbrychski,Andre Braugher,Hunt Block","Phillip Noyce","100 minutes","Action, Thriller"
2471,"Vengeance","Johnny Hallyday,Sylvie Testud,Anthony Wong,Lam Ka-tung,Lam Suet,Simon Yam","Johnnie To","108 minutes","Action, Foreign, Horror, Thriller"
2479,"Centurion","Michael Fassbender,Dominic West,Olga Kurylenko,Imogen Poots,Noel Clarke","","97 minutes","Action, Drama, Foreign, Thriller"
2480,"The Bounty Hunter","Jennifer Aniston,Gerard Butler,Jason Sudeikis,Christine Baranski","Andy Tennant","110 minutes","Action, Comedy, Romance"
2481,"District 13: Ultimatum","Cyril Raffaelli,David Belle,Philippe Torreton,Daniel Duval,Elodie Yung","Patrick Alessandrin","101 minutes","Action, Crime, Foreign, Science Fiction, Thriller"
2482,"The Crazies","Timothy Olyphant,Radha Mitchell,Joe Anderson,Danielle Panabaker,Christie Lynn Smith,Brett Rickaby,Preston Bailey,John Aylward","Breck Eisner","101 minutes","Action, Horror, Thriller"
2489,"Alice in Wonderland","Johnny Depp,Mia Wasikowska,Helena Bonham-Carter,Anne Hathaway,Crispin Glover,Alan Rickman,Stephen Fry,Michael Sheen,Timothy Spall,Christopher Lee","","108 minutes","Adventure, Family, Fantasy, Science Fiction"
2501,"Waking Sleeping Beauty","","","86 minutes","Documentary, Family"
2524,"The Losers","Jeffrey Dean Morgan,Zoe Saldana,Chris Evans,Idris Elba,Columbus Short,Oscar Jaenada,Jason Patric","Sylvain White","97 minutes","Action, Adventure, Crime, Mystery, Thriller"
2531,"Harry Brown","Michael Caine,Emily Mortimer,Charlie Creed-Miles,Ben Drew","Daniel Barber","103 minutes","Action, Adventure, Foreign, Thriller"
2540,"Iron Man 2","Robert Downey Jr.,Gwyneth Paltrow,Scarlett Johansson,Sam Rockwell,Mickey Rourke,Samuel L. Jackson,Clark Gregg,John Slattery,Garry Shandling","Favreau","124 minutes","Action, Adventure, Science Fiction, Thriller"
2544,"Robin Hood","Russell Crowe,Cate Blanchett,Max von Sydow,Oscar Isaac,Danny Huston","Ridley Scott","140 minutes","Action, Adventure, Drama"
2548,"The Chaser","Kim Yoon-seok,Ha Jung-woo,Seo Young-hee,Koo Bon-woong","","125 minutes","Action, Crime, Drama, Foreign, Thriller"
2579,"Cirque du Freak: The Vampire's Assistant","John C. Reilly,Ken Watanabe,Josh Hutcherson,Chris Massoglia","Paul Weitz","109 minutes","Action, Adventure, Fantasy, Horror, Science Fiction, Thriller"
2584,"Motherhood","Uma Thurman,Anthony Edwards,Minnie Driver,Daisy Tahan,Herself","","89 minutes","Comedy, Drama"
2594,"The Box","Cameron Diaz,James Marsden,Frank Langella","","115 minutes","Drama, Horror, Mystery, Thriller"
2605,"2012","John Cusack,Amanda Peet,Chiwetel Ejiofor,Oliver Platt,Woody Harrelson,Danny Glover,Thandie Newton","Roland Emmerich","158 minutes","Action, Adventure, Disaster, Drama, Thriller"
2606,"The Boondock Saints II: All Saints Day","Sean Patrick Flanery,Norman Reedus,Billy Connolly,Clifton Collins Jr.,Julie Benz,Peter Fonda","","118 minutes","Action, Adventure, Drama, Thriller"
2615,"Brothers","Jake Gyllenhaal,Natalie Portman,Tobey Maguire,Sam Shepard,Mare Winningham","Jim Sheridan","104 minutes","Drama, Romance, Thriller"
2617,"Up in the Air","George Clooney,Vera Farmiga,Anna Kendrick","Jason Reitman","109 minutes","Comedy, Drama, Romance"
2632,"Sherlock Holmes","Robert Downey Jr.,Jude Law,Mark Strong,Rachel McAdams,Kelly Reilly","Guy Ritchie","128 minutes","Action, Adventure, Comedy, Crime, Drama, Mystery, Thriller"
2635,"Daybreakers","Ethan Hawke,Willem Dafoe,Claudia Karvan,Sam Neill,Michael Dorman","","98 minutes","Action, Drama, Horror, Science Fiction, Thriller"
2646,"The Book of Eli","Denzel Washington,Gary Oldman,Mila Kunis,Ray Stevenson,Jennifer Beals,Tom Waits,Michael Gambon","Albert,Allen Hughes","118 minutes","Action, Science Fiction, Thriller"
2648,"The Spy Next Door","Jackie Chan,Amber Valletta,Madeline Carroll,Magnus Scheving,Billy Ray Cyrus,George Lopez,Will Shadley,Alina Foley","Brian Levant","94 minutes","Action, Adventure, Comedy, Drama, Family"
2649,"Surrogates","Bruce Willis,Radha Mitchell,Rosamund Pike,Boris Kodjoe,James Francis Ginty,James Cromwell,Ving Rhames,Jack Noseworthy,Devin Ratray,Michael Cudlit","","89 minutes","Action, Science Fiction, Thriller"
2679,"G.I. Joe: The Rise of Cobra","Adewale Akinnuoye-Agbaje,Christopher Eccleston,Joseph Gordon-Levitt,Byung-hun Lee,Sienna Miller,Rachel Nichols,Ray Park,Jonathan Pryce,Said Taghmaoui,Channing Tatum,Marlon Wayans,Dennis Quaid","Stephen Sommers","118 minutes","Action, Adventure, Science Fiction, Thriller"
2699,"The Baader-Meinhof Complex","Bruno Ganz,Martina Gedeck,Moritz Bleibtreu,Johanna Wokalek,Nadja Uhl","Uli Edel","",""
2744,"The Perfect Sleep","Anton Pardoe,Roselyn Sanchez,Patrick Bauchau,Tony Amendola","Jeremy Alter","99 minutes","Action, Adventure, Drama, Indie, Thriller"
2764,"Star Trek","Chris Pine,Zachary Quinto,Leonard Nimoy,Eric Bana,Bruce Greenwood,Zoe Saldana,John Cho,Anton Yelchin,Ben Cross,Winona Ryder,Chris Hemsworth,Jennifer Morrison","J. J. Abrams","127 minutes","Action, Adventure, Science Fiction"
2766,"Battle for Terra","Evan Rachel Wood,Luke Wilson,Justin Long,Brian Cox,James Garner,Dennis Quaid,Chris Evans,David Cross","Aristomenis Tsirbas","85 minutes","Action, Adventure, Animation, Family"
2767,"Next Day Air","Donald Faison,Mike Epps,Mos Def,Wood Harris,Omari Hardwick,Emilio Rivera","Benny Boom","84 minutes","Action, Adventure, Comedy, Crime"
2794,"Monsters vs. Aliens","Seth Rogen,Hugh Laurie,Will Arnett,Kiefer Sutherland,Rainn Wilson,Paul Rudd,Stephen Colbert","Rob Letterman,Conrad Vernon","",""
2800,"Fast & Furious","Vin Diesel,Paul Walker,Jordana Brewster,Michelle Rodriguez,John Ortiz","Justin Lin","107 minutes","Action, Adventure, Crime, Drama, Thriller"
2802,"Gigantic","Paul Dano,Zooey Deschanel,John Goodman,Ed Asner,Robert Stanton,Ian Roberts,Jane Alexander,Clarke Peters,Daniel Stewart Sherman","Matt Aselton","88 minutes","Drama, Foreign, Indie, Romance"
2823,"The Silence","","","96 minutes","Comedy, Drama, Foreign, Indie, Romance"
2830,"The Wrestler","Marisa Tomei,Evan Rachel Wood,Judah Friedlander","Darren Aronofsky","109 minutes","Drama, Romance, Sport"
2831,"The Spirit","Gabriel Macht,Samuel L. Jackson,Scarlett Johansson,Eva Mendes,Sarah Paulson,Paz Vega","","103 minutes","Action, Comedy, Crime, Science Fiction, Thriller"
2832,"Defiance","Daniel Craig,Liev Schreiber,Jamie Bell,Allan Corduner,Alexa Davalos","Edward Zwick","137 minutes","Action, Drama, History, War"
2835,"Outlander","Jim Caviezel,Sophia Myles,Jack Huston,Ron Perlman,John Hurt","Howard McCain","115 minutes","Action, Adventure, Fantasy, Science Fiction"
2845,"Taken","Liam Neeson,Maggie Grace,Famke Janssen,Katie Cassidy,Arben Bajraktaraj,Gerard Watkins","Pierre Morel","93 minutes","Action, Crime, Foreign, Thriller"
2848,"Push","Chris Evans,Dakota Fanning,Camilla Belle,Djimon Hounsou","Paul McGuigan","111 minutes","Action, Science Fiction, Thriller"
2852,"The International","Clive Owen,Naomi Watts,Armin Mueller-Stahl,Brian F. O'Byrne,James Rebhorn","Tom Tykwer","118 minutes","Action, Adventure, Crime, Mystery, Thriller"
2862,"Chandni Chowk to China","Akshay Kumar,Deepika Padukone,Mithun Chakraborty,Ranvir Shorey,Gordon Liu,Roger Yuan","Nikhil Advani","149 minutes","Action, Adventure, Comedy, Drama, Foreign, Musical"
2867,"Madagascar: Escape 2 Africa","Ben Stiller,Chris Rock,David Schwimmer,Jada Pinkett Smith,Sacha Baron Cohen,Cedric The Entertainer,Andy Richter,Bernie Mac,Alec Baldwin,Sherri Shepherd,will.i.am","Eric Darnell,Tom McGrath","89 minutes","Action, Adventure, Animation, Family"
2870,"Quantum of Solace","Daniel Craig,Olga Kurylenko,Mathieu Amalric,Judi Dench,Giancarlo Giannini,Gemma Arterton,Jeffrey Wright,David Harbour","Marc Forster","106 minutes","Action, Adventure, Crime, Foreign, Thriller"
2892,"RocknRolla","Gerard Butler,Tom Wilkinson,Thandie Newton,Tom Hardy,Jeremy Piven,Toby Kebbell","","114 minutes","Action, Adventure, Comedy, Crime, Foreign, Thriller"
2902,"Transporter 3","","","104 minutes","Action, Adventure, Thriller"
2905,"Punisher: War Zone","Ray Stevenson,Dominic West,Doug Hutchison,Julie Benz,Wayne Knight","Lexi Alexander","107 minutes","Action, Adventure, Thriller"
2915,"Eagle Eye","Shia LaBeouf,Michelle Monaghan,Rosario Dawson,Michael Chilkis,Billy Bob Thornton,Anthony Mackie,Ethan Embry","D.J. Caruso","118 minutes","Action, Mystery, Thriller"
2920,"Miracle at St. Anna","Derek Luke,Michael Ealy,Laz Alonso,Omar Benson Miller,Pierfrancesco Favino,Valentina Cervi,Matteo Sciabordi,Joseph Gordon-Levitt,John Turturro,John Leguizamo,Kerry Washington,D.B. Sweeney","Spike Lee","160 minutes","Action, Drama, History"
2936,"The Longshots","Ice Cube,Keke Palmer,Tasha Smith,Jill Marie Jones,Matt Craven,Garrett Morris","Fred Durst","94 minutes","Drama, Family"
2944,"Traitor","Don Cheadle,Guy Pearce,Said Taghmaoui,Neal McDonough,Aly Khan,Archie Panjabi,Jeff Daniels,Raad Rawi,Hassam Ghancy,Mozhan Marno","Jeffrey Nachmanoff","114 minutes","Action, Crime, Drama, Thriller"
2946,"Body of Lies","Leonardo DiCaprio,Russell Crowe,Mark Strong,Golshifteh Farahani,Oscar Isaac,Simon McBurney","Ridley Scott","128 minutes","Action, Adventure, Drama, Suspense, Thriller"
2969,"Speed Racer","Emile Hirsch,Matthew Fox,Christina Ricci,Paulie Litt,Susan Sarandon,John Goodman","","135 minutes","Action, Family, Thriller"
2971,"Son of Rambow","Bill Milner,Will Poulter,Jessica Stevenson,Ed Westwick,Neil Dudgeon,Jules Sitruk,Anna Wing","","96 minutes","Comedy, Foreign, Indie"
2979,"The Mummy: Tomb of the Dragon Emperor","Brendan Fraser,Jet Li,Maria Bello,Michelle Yeoh,Luke Ford","Rob Cohen","112 minutes","Action, Adventure, Fantasy, Thriller"
2987,"Pineapple Express","Seth Rogen,James Franco,Gary Cole,Amber Heard,Bill Hader,James Remar,Rosie Perez,Ed Begley Jr.,Nora Dunn","David Gordon Green","111 minutes","Action, Comedy"
2990,"Hell Ride","Larry Bishop,Michael Madsen,Eric Balfour,Dennis Hopper,Leonor Varela,Vinnie Jones,Julia Jones","","84 minutes","Action, Indie, Thriller"
2995,"Tropic Thunder","Ben Stiller,Jack Black,Robert Downey Jr.,Nick Nolte,Steve Coogan,Jay Baruchel,Danny McBride,Brandon T. Jackson,Bill Hader","Ben Stiller","107 minutes","Action, Comedy"
2998,"Star Wars: The Clone Wars","Matt Manter,Catherine Taber,James Arnold Taylor,Christopher Lee,Samuel L. Jackson","Dave Filoni","98 minutes","Action, Animation, Family, Science Fiction"
3006,"Hellboy II: The Golden Army","Ron Perlman,Selma Blair,Doug Jones,John Alexander/James Dodd,Anna Walton,Luke Goss,Jeffrey Tambor","Guillermo Del Toro","120 minutes","Action, Adventure, Comedy, Fantasy, Science Fiction, Thriller"
3009,"Journey to the Center of the Earth","Brendan Fraser,Josh Hutcherson,Anita Briem,Seth Meyers,Michel Pare,Jane Wheeler","Eric Brevig","93 minutes","Action, Adventure, Comedy, Science Fiction"
3019,"Kung Fu Panda","Jack Black,Dustin Hoffman,Angelina Jolie,Ian McShane,Seth Rogen,Lucy Liu,David Cross,Randall Duk Kim,James Hong,Dan Fogler,Michael Clarke Duncan,Jackie Chan","John Stevenson,Mark Osborne","90 minutes","Animation, Family"
3021,"The Incredible Hulk","Edward Norton,Liv Tyler,Tim Roth,Tim Blake Nelson,William Hurt,Lou Ferrigno","Louis Leterrier","114 minutes","Action, Science Fiction, Thriller"
3028,"Get Smart","Steve Carell,Anne Hathaway,Alan Arkin,Dwayne Johnson,Terence Stamp,James Caan,Patrick Warburton","Peter Segal","110 minutes","Action, Adventure, Comedy"
3050,"The Fall","Catinca Untaru,Lee Pace,Leo Bill,Daniel Caltagirone,Justine Waddell","","117 minutes","Adventure, Drama, Fantasy, Foreign, Science Fiction, Thriller"
3051,"You Don't Mess With the Zohan","Adam Sandler,John Turturro,Emmanuelle Chriqui,Lainie Kazan,Rob Schneider,Charlotte Rae,Kevin Nealon,Michael Buffer","Dennis Dugan","113 minutes","Action, Comedy"
3054,"Iron Man","Robert Downey Jr.,Terrence Howard,Jeff Bridges,Gwyneth Paltrow","Jon Favreau","126 minutes","Action, Adventure, Science Fiction, Thriller"
3056,"Spider-Man 3","Tobey Maguire,Kirsten Dunst,James Franco,Thomas Haden Church,Topher Grace,J.K. Simmons,James Cromwell,Willem Dafoe","","139 minutes","Action, Drama, Fantasy, Science Fiction, Thriller"
3057,"Beowulf","Ray Winstone,Anthony Hopkins,John Malkovich,Brendan Gleeson,Crispin Glover,Angelina Jolie","Robert Zemeckis","115 minutes","Action, Adventure, Animation"
3071,"Hitman","Dougray Scott,Olga Kurylenko,Robert Knepper,Ulrich Thomsen","Xavier Gens","89 minutes","Action, Adventure, Crime, Drama, Thriller"
3087,"Street Kings","Keanu Reeves,Forest Whitaker,Hugh Laurie,Chris Evans,Cedric The Entertainer","David Ayer","109 minutes","Action, Crime, Drama, Thriller"
3097,"Strength and Honor","Michael Madsen,Vinnie Jones,Richard Chamberlain,Patrick Bergin","","",""
3099,"Revolver","Jason Statham,Ray Liotta,Vincent Pastore,Andre Benjamin,Francesca Annis","","115 minutes","Action, Crime, Drama, Foreign, Thriller"
3119,"Jumper","Hayden Christensen,Jamie Bell,Rachel Bison,Dine Lane,Samuel L. Jackson,Michael Rooker","Doug Liman","88 minutes","Action, Adventure, Science Fiction, Thriller"
3138,"National Treasure: Book of Secrets","Nicolas Cage,Jon Voight,Justin Bartha,Harvey Keitel,Ed Harris,Diane Kruger,Helen Mirren,Bruce Greenwood","Jon Turteltaub","124 minutes","Action, Adventure, Mystery, Thriller"
3172,"Grindhouse","","","191 minutes","Action, Horror, Thriller"
3232,"The Silence","","","96 minutes","Comedy, Drama, Foreign, Indie, Romance"
3269,"Superman","","","143 minutes","Action, Family, Fantasy, Science Fiction"
3279,"Seven","Brad Pitt,Morgan Freeman,Gwyneth Paltrow,Richard Roundtree","David Fincher","127 minutes","Action, Drama"
3286,"Harakiri","","","135 minutes","Drama, Foreign"
3317,"The Adventures of Robin Hood","","","102 minutes","Action, Adventure, Drama, Romance"
3344,"Scarface","Al Pacino,Steven Bauer,Michelle Pfeiffer,Robert Loggia","Brian DePalma","170 minutes","Action, Adventure, Crime, Drama, Thriller"
3345,"The Treasure of the Sierra Madre","","","126 minutes","Action, Adventure, Drama, Western"
3346,"Alien","","","117 minutes","Action, Horror, Science Fiction, Thriller"
3366,"The Dead","Angelica Huston,Donal McCann,Rachel Dowling,Dan O'Herlihy,Donal Donnelly,Cathleen Delany,Helena Carroll,Ingrid Craigie,Frank Patterson","John Huston","83 minutes","Drama, Foreign, Romance"
3405,"Ran","","","162 minutes","Action, Adventure, Drama, Foreign, History, Indie"
3418,"Bring Me the Head of Alfredo Garcia","","","112 minutes","Action, Comedy, Crime, Drama, Thriller"
3421,"Beat the Devil","","","89 minutes","Adventure, Comedy, Crime, Drama"
3433,"Fargo","Frances McDormand,William H. Macy,Steve Buscemi,Peter Stormare,Harve Presnell","Joel Coen","98 minutes","Comedy, Crime, Drama"
3440,"Greed","","","","Drama, History"
3459,"King Kong","","","100 minutes","Action, Adventure, Drama, Horror, Thriller"
3468,"Unforgiven","","","131 minutes","Action, Drama, Western"
3487,"Red River","John Wayne,Montgomery Clift,Joanne Dru Groot,Walter Brennan,Coleen Gray,John Ireland,Noah Beery Jr.","Howard Hawks","133 minutes","Action, Western"
